<?xml version="1.0" encoding="utf-8"?>
<Checks xmlns:xsi="http://www.w3.org/2001/XMLSchema-instance" xmlns:xsd="http://www.w3.org/2001/XMLSchema">
  <Items>  
  
    <Check>
      <Verb>HEAD</Verb>
      <Headers />
      <Location>/</Location>
    </Check>
    <Check>
      <Verb>HEAD</Verb>
      <Headers />
      <Location>(LOCATION)</Location>
    </Check>
    
    <Check>
      <Verb>GET</Verb>
      <Headers />
      <Location>/</Location>
    </Check>
    <Check>
      <Verb>GET</Verb>
      <Headers />
      <Location>(LOCATION)</Location>
    </Check>
    
    <Check>
      <Verb>OPTIONS</Verb>
      <Headers />
      <Location>/</Location>
    </Check>
    
    <Check>
      <Verb>TRACK</Verb>
      <Headers />
      <Location>/</Location>
    </Check>
    <Check>
      <Verb>TRACK</Verb>
      <Headers />
      <Location>(LOCATION)</Location>
    </Check>

    <Check>
      <Verb>TRACE</Verb>
      <Headers />
      <Location>/</Location>
    </Check>
    <Check>
      <Verb>TRACE</Verb>
      <Headers />
      <Location>(LOCATION)</Location>
    </Check>
    
    <Check>
      <Verb>PUT</Verb>
      <Headers>
	<Header>
     	  <Name>Via</Name>
          <Value>TEST</Value>
        </Header>
        <Header>
          <Name>Content-Length</Name>
          <Value>6</Value>
        </Header>
      </Headers>
      <Body>testme</Body>
      <Location>(LOCATION)/(FILE)</Location>
    </Check>
    
    <Check>
      <Verb>DELETE</Verb>
      <Headers />
      <Body>testme</Body>
      <Location>(LOCATION)/(FILE)</Location>
    </Check>    
    
    <Check>
      <Verb>DEBUG</Verb>
      <Headers>
	<Header>
     	  <Name>Accept</Name>
          <Value>*/*</Value>
        </Header>
        <Header>
          <Name>Content-Length</Name>
          <Value>0</Value>
        </Header>
        <Header>
          <Name>Command</Name>
          <Value>stop-debug</Value>
        </Header>
        <Header>
          <Name>Connection</Name>
          <Value>closed</Value>
        </Header>
      </Headers>
      <Location>(LOCATION)(FILE).aspx</Location>
    </Check>
    
    <Check>
      <Verb>COPY</Verb>
      <Headers>
	<Header>
     	  <Name>Destination</Name>
          <Value>(LOCATION)(FILE).copy</Value>
        </Header>
        <Header>
          <Name>Overwrite</Name>
          <Value>T</Value>
        </Header>
      </Headers>
      <Location>(LOCATION)(FILE)</Location>
    </Check>
    
    <Check>
      <Verb>LOCK</Verb>
      <Headers>
	<Header>
     	  <Name>Timeout</Name>
          <Value>Second-100</Value>
        </Header>
        <Header>
          <Name>Content-Type</Name>
          <Value>text/xml</Value>
        </Header>
        <Header>
          <Name>Depth</Name>
          <Value>0</Value>
        </Header>
        <Header>
          <Name>Translate</Name>
          <Value>f</Value>
        </Header>
        <Header>
          <Name>Content-Length</Name>
          <Value>0</Value>
        </Header>
      </Headers>
      <Location>(LOCATION)(FILE)</Location>
    </Check>
    
    <Check>
      <Verb>LOCK</Verb>
      <Headers>
	<Header>
     	  <Name>Timeout</Name>
          <Value>Second-100</Value>
        </Header>
        <Header>
          <Name>Content-Type</Name>
          <Value>text/xml</Value>
        </Header>
        <Header>
          <Name>Depth</Name>
          <Value>0</Value>
        </Header>
        <Header>
          <Name>Translate</Name>
          <Value>f</Value>
        </Header>
        <Header>
          <Name>Content-Length</Name>
          <Value>0</Value>
        </Header>
      </Headers>
      <Location>(LOCATION)</Location>
    </Check>
    
    <Check>
      <Verb>UNLOCK</Verb>
      <Headers>
	<Header>
     	  <Name>Lock-Token</Name>
          <Value><![CDATA[<>]]></Value>
        </Header>
      </Headers>
      <Location>(LOCATION)</Location>
    </Check>
    
    <Check>
      <Verb>UNLOCK</Verb>
      <Headers>
	<Header>
     	  <Name>Lock-Token</Name>
          <Value><![CDATA[<>]]></Value>
        </Header>
      </Headers>
      <Location>(LOCATION)(FILE)</Location>
    </Check>
    
    <Check>
      <Verb>MOVE</Verb>
      <Headers>
	<Header>
     	  <Name>Destination</Name>
          <Value>(LOCATION)(FILE).move</Value>
        </Header>
      </Headers>
      <Location>(LOCATION)(FILE)</Location>
    </Check>
    
    <Check>
      <Verb>MKCOL</Verb>
      <Headers>
	<Header>
     	  <Name>Destination</Name>
          <Value>(LOCATION)(FILE).mkcol</Value>
        </Header>
      </Headers>
      <Location>(LOCATION)(FILE)</Location>
    </Check>
    
    <Check>
      <Verb>PROPFIND</Verb>
      <Headers>
	<Header>
     	  <Name>Destination</Name>
          <Value>(LOCATION)(FILE).mkcol</Value>
        </Header>
      </Headers>
      <Location>(LOCATION)</Location>
    </Check>
    
    <Check>
      <Verb>PROPFIND</Verb>
      <Headers />
      <Location>/</Location>
    </Check>
    
     <Check>
       <Verb>PROPFIND</Verb>
      <Headers />
       <Location>/images</Location>
    </Check>
    
    <Check>
      <Verb>PROPFIND</Verb>
      <Headers>
	<Header>
     	  <Name>Depth</Name>
          <Value>1</Value>
        </Header>
	<Header>
     	  <Name>Content-Type</Name>
          <Value>text/xml</Value>
        </Header>
	<Header>
     	  <Name>Translate</Name>
          <Value>f</Value>
        </Header>
      </Headers>
      <Body><![CDATA[<?xml version="1.0" encoding="utf-8" ?><propfind xmlns="DAV:"><prop><checked-in /><checked-out /></prop><dead-props /></propfind>]]></Body>
      <Location>(LOCATION)</Location>
    </Check>
    
    <Check>
      <Verb>PROPFIND</Verb>
      <Headers>
	<Header>
     	  <Name>Depth</Name>
          <Value>1</Value>
        </Header>
	<Header>
     	  <Name>Content-Type</Name>
          <Value>text/xml</Value>
        </Header>
	<Header>
     	  <Name>Translate</Name>
          <Value>f</Value>
        </Header>
      </Headers>
      <Body><![CDATA[<?xml version="1.0" encoding="utf-8" ?><propfind xmlns="DAV:"><prop><checked-in /><checked-out /></prop><dead-props /></propfind>]]></Body>
      <Location>(LOCATION)(FILE)</Location>
    </Check>
    
    <Check>
      <Verb>PROPFIND</Verb>
      <Headers>
	<Header>
     	  <Name>Depth</Name>
          <Value>1</Value>
        </Header>
	<Header>
     	  <Name>Content-Type</Name>
          <Value>text/xml</Value>
        </Header>
	<Header>
     	  <Name>Translate</Name>
          <Value>F</Value>
        </Header>
      </Headers>
      <Body><![CDATA[<?xml version="1.0" encoding="utf-8" ?><D:propertyupdate xmlns:D="DAV:" xmlns:Z="http://www.w3.com/standards/z39.50/"><D:set><D:prop><Z:authors><Z:Author>woanware</Z:Author></Z:authors></D:prop></D:set><D:remove><D:prop><Z:Copyright-Owner/></D:prop></D:remove></D:propertyupdate>]]></Body>
      <Location>(LOCATION)</Location>
    </Check>
    
    <Check>
      <Verb>PROPFIND</Verb>
      <Headers>
	<Header>
     	  <Name>Depth</Name>
          <Value>1</Value>
        </Header>
	<Header>
     	  <Name>Content-Type</Name>
          <Value>text/xml</Value>
        </Header>
	<Header>
     	  <Name>Translate</Name>
          <Value>F</Value>
        </Header>
      </Headers>
      <Body><![CDATA[<?xml version="1.0" encoding="utf-8" ?><D:propertyupdate xmlns:D="DAV:" xmlns:Z="http://www.w3.com/standards/z39.50/"><D:set><D:prop><Z:authors><Z:Author>woanware</Z:Author></Z:authors></D:prop></D:set><D:remove><D:prop><Z:Copyright-Owner/></D:prop></D:remove></D:propertyupdate>]]></Body>
      <Location>(LOCATION)(FILE)</Location>
    </Check>
   
  </Items>
</Checks>