<?xml version='1.0' encoding='utf-8'?>

<communitystrings>
  <communitystring>public</communitystring>
  <communitystring>private</communitystring>
  <communitystring>access</communitystring>
  <communitystring>admin</communitystring>
  <communitystring>all private</communitystring>
  <communitystring>all public</communitystring>
  <communitystring>cable-docsis</communitystring>
  <communitystring>cisco</communitystring>
  <communitystring>common</communitystring>
  <communitystring>community</communitystring>
  <communitystring>ctron</communitystring>
  <communitystring>default</communitystring>
  <communitystring>enable</communitystring>
  <communitystring>FibreChannel</communitystring>
  <communitystring>guest</communitystring>
  <communitystring>hp_admin</communitystring>
  <communitystring>ILMI</communitystring>
  <communitystring>manager</communitystring>
  <communitystring>monitor</communitystring>
  <communitystring>network</communitystring>
  <communitystring>NoGaH$@!</communitystring>
  <communitystring>openview</communitystring>
  <communitystring>optivity90_autotrap</communitystring>
  <communitystring>oracler</communitystring>
  <communitystring>oraclew</communitystring>
  <communitystring>OrigEquipMfr</communitystring>
  <communitystring>password</communitystring>
  <communitystring>proxy</communitystring>
  <communitystring>read</communitystring>
  <communitystring>rmon</communitystring>
  <communitystring>rmon_admin</communitystring>
  <communitystring>root</communitystring>
  <communitystring>router</communitystring>
  <communitystring>secret</communitystring>
  <communitystring>Secret C0de</communitystring>
  <communitystring>security</communitystring>
  <communitystring>snmp</communitystring>
  <communitystring>snmpd</communitystring>
  <communitystring>SNMP_trap</communitystring>
  <communitystring>support</communitystring>
  <communitystring>system</communitystring>
  <communitystring>test</communitystring>
  <communitystring>tivoli</communitystring>
  <communitystring>world</communitystring>
  <communitystring>write</communitystring>
</communitystrings>