<?xml version='1.0' encoding='utf-8'?>

<fingers>
  <finger>user</finger>
  <finger>test</finger>
  <finger>adabas</finger>
  <finger>adm</finger>
  <finger>admin</finger>
  <finger>administrator</finger>
  <finger>alias</finger>
  <finger>amanda</finger>
  <finger>apache</finger>
  <finger>apm</finger>
  <finger>asg</finger>
  <finger>at</finger>
  <finger>audit</finger>
  <finger>auth</finger>
  <finger>backup</finger>
  <finger>bin</finger>
  <finger>bind</finger>
  <finger>cron</finger>
  <finger>cyrus</finger>
  <finger>daemon</finger>
  <finger>david</finger>
  <finger>db2as</finger>
  <finger>db2fenc1</finger>
  <finger>db2inst1</finger>
  <finger>dbmaker</finger>
  <finger>dos</finger>
  <finger>dpbox</finger>
  <finger>eggdrop</finger>
  <finger>empress</finger>
  <finger>fax</finger>
  <finger>fib</finger>
  <finger>firewall</finger>
  <finger>fixadm</finger>
  <finger>fixlohn</finger>
  <finger>fnet</finger>
  <finger>ftp</finger>
  <finger>games</finger>
  <finger>gdm</finger>
  <finger>gnats</finger>
  <finger>halt</finger>
  <finger>ident</finger>
  <finger>informix</finger>
  <finger>ingres</finger>
  <finger>irc</finger>
  <finger>ixess</finger>
  <finger>kmem</finger>
  <finger>list</finger>
  <finger>listen</finger>
  <finger>lnx</finger>
  <finger>lp</finger>
  <finger>mail</finger>
  <finger>mailnull</finger>
  <finger>man</finger>
  <finger>mdom</finger>
  <finger>mmdf</finger>
  <finger>mysql</finger>
  <finger>named</finger>
  <finger>network</finger>
  <finger>news</finger>
  <finger>noaccess</finger>
  <finger>nobody4</finger>
  <finger>nobody</finger>
  <finger>nouser</finger>
  <finger>nps</finger>
  <finger>ntp</finger>
  <finger>nuucp</finger>
  <finger>operator</finger>
  <finger>oracle</finger>
  <finger>patrol</finger>
  <finger>patrolop</finger>
  <finger>pop</finger>
  <finger>popa3d</finger>
  <finger>postfix</finger>
  <finger>postgres</finger>
  <finger>proxy</finger>
  <finger>proxyuser</finger>
  <finger>qmaild</finger>
  <finger>qmaill</finger>
  <finger>qmailp</finger>
  <finger>qmailq</finger>
  <finger>qmailr</finger>
  <finger>qmails</finger>
  <finger>root</finger>
  <finger>rpc</finger>
  <finger>rpcuser</finger>
  <finger>rpm</finger>
  <finger>shutdown</finger>
  <finger>skyrix</finger>
  <finger>smmsp</finger>
  <finger>smtp</finger>
  <finger>squid</finger>
  <finger>ssh</finger>
  <finger>sshd</finger>
  <finger>sync</finger>
  <finger>sys</finger>
  <finger>sync</finger>
  <finger>sysinfo</finger>
  <finger>toor</finger>
  <finger>tty</finger>
  <finger>uucp</finger>
  <finger>vcsa</finger>
  <finger>virtuoso</finger>
  <finger>web</finger>
  <finger>webproxy</finger>
  <finger>webuser</finger>
  <finger>www</finger>
  <finger>wwwdata</finger>
  <finger>wwwrun</finger>
  <finger>wwwuser</finger>
  <finger>xfs</finger>
  <finger>xten</finger>
  <finger>yard</finger>
  <finger></finger>
  <finger>'1 2 3 4 5 6 7 8 9 0'</finger>
  <finger>0</finger>
  <finger>.</finger>
  <finger>*</finger>
  <finger>**</finger>
  <finger>cmd_rootsh</finger>
  <finger>/W</finger>
  <finger>trace.,,/,,/,,/,,/,,/,,/etc/passw*</finger>
  <finger>ping.,,/,,/,,/,,/,,/,,/etc/passw*</finger>
  <finger>! ! ! ! ! ! ! !</finger>
  <finger>123456789012</finger>
  <finger>search.*</finger>
  <finger>services</finger>
  <finger>search.?*</finger>
  <finger>ypi0ca</finger>
  <finger>root\@localhost</finger>
  <finger>/etc/passwd</finger>
  <finger>version</finger>
  <finger>a b c d e f g h</finger>
  <finger>|/bin/cat /etc/passwd</finger>
  <finger>version</finger>
  <finger>;/bin/cat /etc/passwd</finger>
  <finger>id</finger>
  <finger>finger-conf</finger>
  <finger>proc</finger>
  <finger>.free</finger>
  <finger>.version</finger>
  <finger>.all</finger>
  <finger>.site</finger>
  <finger>yafingerd-default</finger>
  <finger>.users</finger>
  <finger>.faces</finger>
  <finger>.clients</finger>
  <finger>a</finger>
  <finger>GET / HTTP/1.0\r\n</finger>
  <finger>quote</finger>
  <finger>\r\n</finger>
  <finger>\0</finger>
</fingers>
